<?xml version="1.0"?>
<doc>
    <assembly>
        <name>Buffalo.WinFormsControl</name>
    </assembly>
    <members>
        <member name="T:Buffalo.WinFormsControl.Editors.ComboBoxEditor">
            <summary>
            文本框的编辑器
            </summary>
        </member>
        <member name="M:Buffalo.WinFormsControl.Editors.EditorBase.Reset">
            <summary>
            重置值
            </summary>
        </member>
        <member name="M:Buffalo.WinFormsControl.Editors.EditorBase.DoValueChange(System.Object,System.Object)">
            <summary>
            引发值改变事件
            </summary>
            <param name="sender"></param>
            <param name="oldValue"></param>
            <param name="newValue"></param>
        </member>
        <member name="M:Buffalo.WinFormsControl.Editors.EditorBase.DoValueChange(System.Object)">
            <summary>
            引发值改变事件
            </summary>
            <param name="oldValue"></param>
            <param name="newValue"></param>
        </member>
        <member name="P:Buffalo.WinFormsControl.Editors.EditorBase.BindPropertyName">
            <summary>
            绑定的属性名
            </summary>
        </member>
        <member name="P:Buffalo.WinFormsControl.Editors.EditorBase.LableText">
            <summary>
            标签内容
            </summary>
        </member>
        <member name="P:Buffalo.WinFormsControl.Editors.EditorBase.LableWidth">
            <summary>
            标签宽度
            </summary>
        </member>
        <member name="P:Buffalo.WinFormsControl.Editors.EditorBase.Value">
            <summary>
            值
            </summary>
        </member>
        <member name="F:Buffalo.WinFormsControl.Editors.ComboBoxEditor.components">
            <summary> 
            必需的设计器变量。
            </summary>
        </member>
        <member name="M:Buffalo.WinFormsControl.Editors.ComboBoxEditor.Dispose(System.Boolean)">
            <summary> 
            清理所有正在使用的资源。
            </summary>
            <param name="disposing">如果应释放托管资源，为 true；否则为 false。</param>
        </member>
        <member name="M:Buffalo.WinFormsControl.Editors.ComboBoxEditor.InitializeComponent">
            <summary> 
            设计器支持所需的方法 - 不要
            使用代码编辑器修改此方法的内容。
            </summary>
        </member>
        <member name="M:Buffalo.WinFormsControl.Editors.ComboBoxEditor.BindValue(System.Collections.Generic.List{Buffalo.Win32Kernel.ComboBoxItem})">
            <summary>
            绑定值
            </summary>
            <param name="lstItem"></param>
        </member>
        <member name="P:Buffalo.WinFormsControl.Editors.ComboBoxEditor.Value">
            <summary>
            值
            </summary>
        </member>
        <member name="P:Buffalo.WinFormsControl.Editors.ComboBoxEditor.LableFont">
            <summary>
            标签字体
            </summary>
        </member>
        <member name="T:Buffalo.WinFormsControl.Editors.CheckBoxEditor">
            <summary>
            文本框的编辑器
            </summary>
        </member>
        <member name="F:Buffalo.WinFormsControl.Editors.CheckBoxEditor.components">
            <summary> 
            必需的设计器变量。
            </summary>
        </member>
        <member name="M:Buffalo.WinFormsControl.Editors.CheckBoxEditor.Dispose(System.Boolean)">
            <summary> 
            清理所有正在使用的资源。
            </summary>
            <param name="disposing">如果应释放托管资源，为 true；否则为 false。</param>
        </member>
        <member name="M:Buffalo.WinFormsControl.Editors.CheckBoxEditor.InitializeComponent">
            <summary> 
            设计器支持所需的方法 - 不要
            使用代码编辑器修改此方法的内容。
            </summary>
        </member>
        <member name="P:Buffalo.WinFormsControl.Editors.CheckBoxEditor.OnOffType">
            <summary>
            按钮样式类型
            </summary>
        </member>
        <member name="P:Buffalo.WinFormsControl.Editors.CheckBoxEditor.Checked">
            <summary>
            是否选中
            </summary>
        </member>
        <member name="P:Buffalo.WinFormsControl.Editors.CheckBoxEditor.Value">
            <summary>
            值
            </summary>
        </member>
        <member name="M:Buffalo.WinFormsControl.DataGridViewEx.DataGridViewExComboBoxColumn.HideComboBox">
            <summary>
            隐藏ComboBox
            </summary>
        </member>
        <member name="M:Buffalo.WinFormsControl.DataGridViewEx.DataGridViewExComboBoxColumn.ShowComboBox(System.Windows.Forms.DataGridViewCell)">
            <summary>
            显示ComboBox
            </summary>
            <param name="cell"></param>
            <param name="dataSource"></param>
        </member>
        <member name="M:Buffalo.WinFormsControl.DataGridViewEx.DataGridViewExComboBoxColumn.SetComboBoxDataSource(System.Collections.IEnumerable)">
            <summary>
            设置数据源
            </summary>
            <param name="dataSource"></param>
        </member>
        <member name="P:Buffalo.WinFormsControl.DataGridViewEx.DataGridViewExComboBoxColumn.ColumnComboBox">
            <summary>
            列所属的ComboBox
            </summary>
        </member>
        <member name="M:Buffalo.WinFormsControl.PagingBar.PagingBar.DoPageIndexChange(System.Object,System.Int64)">
            <summary>
            对控件进行翻页处理
            </summary>
            <param name="sender"></param>
            <param name="currentIndex"></param>
        </member>
        <member name="M:Buffalo.WinFormsControl.PagingBar.PagingBar.GetAllNumber(System.String)">
            <summary>
            获取字符串里边的所有数字
            </summary>
            <param name="str"></param>
            <returns></returns>
        </member>
        <member name="M:Buffalo.WinFormsControl.PagingBar.PagingBar.BindData">
            <summary>
            填充数据
            </summary>
        </member>
        <member name="F:Buffalo.WinFormsControl.PagingBar.PagingBar.components">
            <summary>
            必需的设计器变量。
            </summary>
        </member>
        <member name="M:Buffalo.WinFormsControl.PagingBar.PagingBar.InitializeComponent">
            <summary>
            设计器支持所需的方法 - 不要
            使用代码编辑器修改此方法的内容。
            </summary>
        </member>
        <member name="P:Buffalo.WinFormsControl.PagingBar.PagingBar.TotlePage">
            <summary>
            总页数
            </summary>
        </member>
        <member name="P:Buffalo.WinFormsControl.PagingBar.PagingBar.CurrentPage">
             <summary>
            当前页数
             </summary>
        </member>
        <member name="P:Buffalo.WinFormsControl.PagingBar.PagingBar.PageSize">
            <summary>
            数据源
            </summary>
        </member>
        <member name="P:Buffalo.WinFormsControl.PagingBar.PagingBar.TotleRecords">
            <summary>
            总记录条数
            </summary>
        </member>
        <member name="M:Buffalo.WinFormsControl.DataGridViewEx.DataGridViewPercentCell.GetNumberString(System.Decimal)">
            <summary>
            获取数字的格式化字符串
            </summary>
            <param name="num"></param>
            <returns></returns>
        </member>
        <member name="P:Buffalo.WinFormsControl.TootipEx.HasClose">
            <summary>
            是否有关闭按钮
            </summary>
        </member>
        <member name="P:Buffalo.WinFormsControl.DataGridViewEx.DataGridViewExCheckBoxColumn.Enabled">
            <summary>
            可用
            </summary>
        </member>
        <member name="F:Buffalo.WinFormsControl.PagingBar.MediumPagingBar.components">
            <summary> 
            必需的设计器变量。
            </summary>
        </member>
        <member name="M:Buffalo.WinFormsControl.PagingBar.MediumPagingBar.Dispose(System.Boolean)">
            <summary> 
            清理所有正在使用的资源。
            </summary>
            <param name="disposing">如果应释放托管资源，为 true；否则为 false。</param>
        </member>
        <member name="M:Buffalo.WinFormsControl.PagingBar.MediumPagingBar.InitializeComponent">
            <summary> 
            设计器支持所需的方法 - 不要
            使用代码编辑器修改此方法的内容。
            </summary>
        </member>
        <member name="M:Buffalo.WinFormsControl.PagingBar.MediumPagingBar.DoPageIndexChange(System.Object,System.Int64)">
            <summary>
            对控件进行翻页处理
            </summary>
            <param name="sender"></param>
            <param name="currentIndex"></param>
        </member>
        <member name="M:Buffalo.WinFormsControl.PagingBar.MediumPagingBar.GetAllNumber(System.String)">
            <summary>
            获取字符串里边的所有数字
            </summary>
            <param name="str"></param>
            <returns></returns>
        </member>
        <member name="M:Buffalo.WinFormsControl.PagingBar.MediumPagingBar.BindData">
            <summary>
            填充数据
            </summary>
        </member>
        <member name="P:Buffalo.WinFormsControl.PagingBar.MediumPagingBar.TotlePage">
            <summary>
            总页数
            </summary>
        </member>
        <member name="P:Buffalo.WinFormsControl.PagingBar.MediumPagingBar.CurrentPage">
             <summary>
            当前页数
             </summary>
        </member>
        <member name="P:Buffalo.WinFormsControl.PagingBar.MediumPagingBar.PageSize">
            <summary>
            数据源
            </summary>
        </member>
        <member name="P:Buffalo.WinFormsControl.PagingBar.MediumPagingBar.TotleRecords">
            <summary>
            总记录条数
            </summary>
        </member>
        <member name="T:Buffalo.WinFormsControl.DataGridViewEx.DataGridViewExCheckBoxCell">
            <summary>
            扩展的Checkbox单元格
            </summary>
        </member>
        <member name="P:Buffalo.WinFormsControl.DataGridViewEx.DataGridViewExCheckBoxCell.Enabled">
            <summary>
            可用
            </summary>
        </member>
        <member name="P:Buffalo.WinFormsControl.DataGridViewEx.DataGridViewExCheckBoxCell.BelongColumn">
            <summary>
            所属列
            </summary>
        </member>
        <member name="P:Buffalo.WinFormsControl.DataGridViewEx.DataGridViewExCheckBoxCell.RealEnable">
            <summary>
            真正的可用性
            </summary>
        </member>
        <member name="T:Buffalo.WinFormsControl.Editors.TextBoxEditor">
            <summary>
            文本框的编辑器
            </summary>
        </member>
        <member name="F:Buffalo.WinFormsControl.Editors.TextBoxEditor.components">
            <summary> 
            必需的设计器变量。
            </summary>
        </member>
        <member name="M:Buffalo.WinFormsControl.Editors.TextBoxEditor.Dispose(System.Boolean)">
            <summary> 
            清理所有正在使用的资源。
            </summary>
            <param name="disposing">如果应释放托管资源，为 true；否则为 false。</param>
        </member>
        <member name="M:Buffalo.WinFormsControl.Editors.TextBoxEditor.InitializeComponent">
            <summary> 
            设计器支持所需的方法 - 不要
            使用代码编辑器修改此方法的内容。
            </summary>
        </member>
        <member name="P:Buffalo.WinFormsControl.Editors.TextBoxEditor.Multiline">
            <summary>
            是否支持多行
            </summary>
        </member>
        <member name="M:Buffalo.WinFormsControl.Editors.NumbericEditor.IsCorrect(System.String)">
            <summary>
            验证值是否符合规范
            </summary>
            <param name="value"></param>
            <returns></returns>
        </member>
        <member name="P:Buffalo.WinFormsControl.Editors.NumbericEditor.Max">
            <summary>
            可输入的最大值
            </summary>
        </member>
        <member name="P:Buffalo.WinFormsControl.Editors.NumbericEditor.Min">
            <summary>
            可输入的最小值
            </summary>
        </member>
        <member name="P:Buffalo.WinFormsControl.Editors.NumbericEditor.DecimalPlaces">
            <summary>
            小数位数(小于0则表示无规定)
            </summary>
        </member>
        <member name="T:Buffalo.WinFormsControl.Properties.Resources">
            <summary>
              强类型资源类，用于查找本地化字符串等。
            </summary>
        </member>
        <member name="P:Buffalo.WinFormsControl.Properties.Resources.ResourceManager">
            <summary>
              返回此类使用的缓存 ResourceManager 实例。
            </summary>
        </member>
        <member name="P:Buffalo.WinFormsControl.Properties.Resources.Culture">
            <summary>
              为使用此强类型资源类的所有资源查找
              重写当前线程的 CurrentUICulture 属性。
            </summary>
        </member>
        <member name="P:Buffalo.WinFormsControl.DataGridViewEx.DataGridViewPercentColumn.ShowTotle">
            <summary>
            是否在值后边显示总数
            </summary>
        </member>
        <member name="P:Buffalo.WinFormsControl.DataGridViewEx.DataGridViewPercentColumn.TotleCount">
            <summary>
            列总数
            </summary>
        </member>
        <member name="P:Buffalo.WinFormsControl.DataGridViewEx.DataGridViewPercentColumn.ValueForamt">
            <summary>
            值的格式化
            </summary>
        </member>
        <member name="F:Buffalo.WinFormsControl.Editors.OnOffCheckBox.components">
            <summary> 
            必需的设计器变量。
            </summary>
        </member>
        <member name="M:Buffalo.WinFormsControl.Editors.OnOffCheckBox.Dispose(System.Boolean)">
            <summary> 
            清理所有正在使用的资源。
            </summary>
            <param name="disposing">如果应释放托管资源，为 true；否则为 false。</param>
        </member>
        <member name="M:Buffalo.WinFormsControl.Editors.OnOffCheckBox.InitializeComponent">
            <summary> 
            设计器支持所需的方法 - 不要
            使用代码编辑器修改此方法的内容。
            </summary>
        </member>
        <member name="M:Buffalo.WinFormsControl.Editors.OnOffCheckBox.RefreashDisplay">
            <summary>
            刷新显示
            </summary>
        </member>
        <member name="E:Buffalo.WinFormsControl.Editors.OnOffCheckBox.CheckedChanged">
            <summary>
            当 System.Windows.Forms.CheckBox.Checked 属性的值更改时发生。
            </summary>
        </member>
        <member name="E:Buffalo.WinFormsControl.Editors.OnOffCheckBox.CheckStateChanged">
            <summary>
            当 System.Windows.Forms.CheckBox.CheckState 属性的值更改时发生。
            </summary>
        </member>
        <member name="P:Buffalo.WinFormsControl.Editors.OnOffCheckBox.CheckState">
            <summary>
            获取或设置 System.Windows.Forms.CheckBox 的状态。
            </summary>
        </member>
        <member name="P:Buffalo.WinFormsControl.Editors.OnOffCheckBox.Checked">
            <summary>
             获取或设置一个值，该值指示 System.Windows.Forms.CheckBox 是否处于选中状态。
            </summary>
        </member>
        <member name="P:Buffalo.WinFormsControl.Editors.OnOffCheckBox.OnOffType">
            <summary>
            按钮样式类型
            </summary>
        </member>
        <member name="T:Buffalo.WinFormsControl.Editors.OnOffButtonType">
            <summary>
            按钮样式
            </summary>
        </member>
        <member name="F:Buffalo.WinFormsControl.Editors.OnOffButtonType.Quadrate">
            <summary>
            方形
            </summary>
        </member>
        <member name="F:Buffalo.WinFormsControl.Editors.OnOffButtonType.Oblongrectangle">
            <summary>
            椭圆形
            </summary>
        </member>
        <member name="F:Buffalo.WinFormsControl.Editors.OnOffButtonType.BlueOblongrectangle">
            <summary>
            蓝色椭圆形
            </summary>
        </member>
        <member name="T:Buffalo.WinFormsControl.DataGridViewEx.DataGridViewExComboBoxCell">
            <summary>
            扩展的Checkbox单元格
            </summary>
        </member>
        <member name="P:Buffalo.WinFormsControl.DataGridViewEx.DataGridViewExComboBoxCell.SelectValue">
            <summary>
            选中的值
            </summary>
        </member>
        <member name="P:Buffalo.WinFormsControl.DataGridViewEx.DataGridViewExComboBoxCell.BelongColumn">
            <summary>
            所属列
            </summary>
        </member>
    </members>
</doc>
