<?xml version="1.0"?>
<doc>
    <assembly>
        <name>Buffalo.WinFormsControl</name>
    </assembly>
    <members>
        <member name="M:Buffalo.WinFormsControl.PagingBar.PagingBar.DoPageIndexChange(System.Object,System.Int64)">
            <summary>
            对控件进行翻页处理
            </summary>
            <param name="sender"></param>
            <param name="currentIndex"></param>
        </member>
        <member name="M:Buffalo.WinFormsControl.PagingBar.PagingBar.GetAllNumber(System.String)">
            <summary>
            获取字符串里边的所有数字
            </summary>
            <param name="str"></param>
            <returns></returns>
        </member>
        <member name="M:Buffalo.WinFormsControl.PagingBar.PagingBar.BindData">
            <summary>
            填充数据
            </summary>
        </member>
        <member name="F:Buffalo.WinFormsControl.PagingBar.PagingBar.components">
            <summary>
            必需的设计器变量。
            </summary>
        </member>
        <member name="M:Buffalo.WinFormsControl.PagingBar.PagingBar.InitializeComponent">
            <summary>
            设计器支持所需的方法 - 不要
            使用代码编辑器修改此方法的内容。
            </summary>
        </member>
        <member name="P:Buffalo.WinFormsControl.PagingBar.PagingBar.TotlePage">
            <summary>
            总页数
            </summary>
        </member>
        <member name="P:Buffalo.WinFormsControl.PagingBar.PagingBar.CurrentPage">
             <summary>
            当前页数
             </summary>
        </member>
        <member name="P:Buffalo.WinFormsControl.PagingBar.PagingBar.PageSize">
            <summary>
            数据源
            </summary>
        </member>
        <member name="P:Buffalo.WinFormsControl.PagingBar.PagingBar.TotleRecords">
            <summary>
            总记录条数
            </summary>
        </member>
        <member name="F:Buffalo.WinFormsControl.PagingBar.MediumPagingBar.components">
            <summary> 
            必需的设计器变量。
            </summary>
        </member>
        <member name="M:Buffalo.WinFormsControl.PagingBar.MediumPagingBar.Dispose(System.Boolean)">
            <summary> 
            清理所有正在使用的资源。
            </summary>
            <param name="disposing">如果应释放托管资源，为 true；否则为 false。</param>
        </member>
        <member name="M:Buffalo.WinFormsControl.PagingBar.MediumPagingBar.InitializeComponent">
            <summary> 
            设计器支持所需的方法 - 不要
            使用代码编辑器修改此方法的内容。
            </summary>
        </member>
        <member name="M:Buffalo.WinFormsControl.PagingBar.MediumPagingBar.DoPageIndexChange(System.Object,System.Int64)">
            <summary>
            对控件进行翻页处理
            </summary>
            <param name="sender"></param>
            <param name="currentIndex"></param>
        </member>
        <member name="M:Buffalo.WinFormsControl.PagingBar.MediumPagingBar.GetAllNumber(System.String)">
            <summary>
            获取字符串里边的所有数字
            </summary>
            <param name="str"></param>
            <returns></returns>
        </member>
        <member name="M:Buffalo.WinFormsControl.PagingBar.MediumPagingBar.BindData">
            <summary>
            填充数据
            </summary>
        </member>
        <member name="P:Buffalo.WinFormsControl.PagingBar.MediumPagingBar.TotlePage">
            <summary>
            总页数
            </summary>
        </member>
        <member name="P:Buffalo.WinFormsControl.PagingBar.MediumPagingBar.CurrentPage">
             <summary>
            当前页数
             </summary>
        </member>
        <member name="P:Buffalo.WinFormsControl.PagingBar.MediumPagingBar.PageSize">
            <summary>
            数据源
            </summary>
        </member>
        <member name="P:Buffalo.WinFormsControl.PagingBar.MediumPagingBar.TotleRecords">
            <summary>
            总记录条数
            </summary>
        </member>
        <member name="P:Buffalo.WinFormsControl.DataGridViewPercent.DataGridViewPercentColumn.ShowTotle">
            <summary>
            是否在值后边显示总数
            </summary>
        </member>
        <member name="P:Buffalo.WinFormsControl.DataGridViewPercent.DataGridViewPercentColumn.TotleCount">
            <summary>
            列总数
            </summary>
        </member>
        <member name="P:Buffalo.WinFormsControl.DataGridViewPercent.DataGridViewPercentColumn.ValueForamt">
            <summary>
            值的格式化
            </summary>
        </member>
        <member name="M:Buffalo.WinFormsControl.DataGridViewPercent.DataGridPercentCell.GetNumberString(System.Decimal)">
            <summary>
            获取数字的格式化字符串
            </summary>
            <param name="num"></param>
            <returns></returns>
        </member>
        <member name="T:Buffalo.WinFormsControl.Properties.Resources">
            <summary>
              强类型资源类，用于查找本地化字符串等。
            </summary>
        </member>
        <member name="P:Buffalo.WinFormsControl.Properties.Resources.ResourceManager">
            <summary>
              返回此类使用的缓存 ResourceManager 实例。
            </summary>
        </member>
        <member name="P:Buffalo.WinFormsControl.Properties.Resources.Culture">
            <summary>
              为使用此强类型资源类的所有资源查找
              重写当前线程的 CurrentUICulture 属性。
            </summary>
        </member>
    </members>
</doc>
